{
  "strategy_name": "ExampleLSTMStrategy",
  "params": {
    "buy": {
      "threshold_buy": -0.4484260699971744,
      "w0": 0.7167683337777161,
      "w1": 0.8634961703833423,
      "w2": 0.32697613121497565,
      "w3": 0.43255515681465606,
      "w4": 0.6185156691904744,
      "w5": 0.20368714855867348,
      "w6": 0.06571565592006524,
      "w7": 0.03626232822155618,
      "w8": 0.2625916287907824
    },
    "sell": {
      "s0": 0.32122808191164226,
      "s1": 0.33618498328637975,
      "s2": 0.9566030255461531,
      "s3": 0.2762600506447435,
      "s4": 0.7480887750005146,
      "s5": 0.9799822902316113,
      "s6": 0.45773209440054186,
      "s7": 0.4330838388604582,
      "s8": 0.5070853203011013,
      "threshold_sell": -0.34204103367837535
    },
    "protection": {},
    "roi": {
      "0": 0.239,
      "79": 0.058,
      "231": 0.029,
      "543": 0
    },
    "stoploss": {
      "stoploss": -0.1
    },
    "trailing": {
      "trailing_stop": false
      
    },
    "max_open_trades": {
      "max_open_trades": 7
    }
  },
  "ft_stratparam_v": 1,
  "export_time": "2024-08-26 16:05:33.562223+00:00"
}
